Rk,Gcar,Gtm,Date,Team,,Opp,Result,GS,MP,FG,FGA,FG%,3P,3PA,3P%,2P,2PA,2P%,eFG%,FT,FTA,FT%,ORB,DRB,TRB,AST,STL,BLK,TOV,PF,PTS,GmSc,+/-
1,549,1,10/26/10,MIA,@,BOS,L 80-88,*,42:39,10,21,0.476,3,6,0.5,7,15,0.467,0.548,8,12,0.667,0,4,4,3,1,2,8,1,31,16,1
2,550,2,10/27/10,MIA,@,PHI,W 97-87,*,37:33,5,12,0.417,0,2,0,5,10,0.5,0.417,6,6,1,0,6,6,7,2,1,9,1,16,9.6,6
3,551,3,10/29/10,MIA,,ORL,W 96-70,*,30:02,6,13,0.462,2,3,0.667,4,10,0.4,0.538,1,2,0.5,0,6,6,7,0,0,3,4,15,10,13
4,552,4,10/31/10,MIA,@,NJN,W 101-78,*,28:57,5,12,0.417,0,4,0,5,8,0.625,0.417,10,12,0.833,0,7,7,7,2,0,5,3,20,15.6,18
5,553,5,11/2/10,MIA,,MIN,W 129-97,*,32:26,7,12,0.583,0,2,0,7,10,0.7,0.583,6,8,0.75,0,0,0,12,2,1,1,0,20,23.7,32
6,554,6,11/5/10,MIA,@,NOH,L 93-96,*,41:12,6,16,0.375,1,2,0.5,5,14,0.357,0.406,7,8,0.875,0,7,7,10,3,1,3,0,20,20.6,-6
7,555,7,11/6/10,MIA,,NJN,W 101-89,*,33:35,9,16,0.563,2,4,0.5,7,12,0.583,0.625,3,5,0.6,0,3,3,9,2,0,4,1,23,19.4,11
8,556,8,11/9/10,MIA,,UTA,L 114-116 (OT),*,46:44,5,18,0.278,0,1,0,5,17,0.294,0.278,10,11,0.909,2,9,11,14,1,3,2,3,20,22.8,4
9,557,9,11/11/10,MIA,,BOS,L 107-112,*,44:28,9,21,0.429,0,5,0,9,16,0.563,0.429,17,22,0.773,0,10,10,9,3,0,4,3,35,29,0
10,558,10,11/13/10,MIA,,TOR,W 109-100,*,39:20,8,21,0.381,0,1,0,8,20,0.4,0.381,7,11,0.636,1,1,2,11,2,0,3,0,23,17.6,11
11,559,11,11/17/10,MIA,,PHO,W 123-96,*,23:03,9,15,0.6,0,2,0,9,13,0.692,0.6,2,3,0.667,3,5,8,9,3,0,3,5,20,20.6,24
12,560,12,11/19/10,MIA,,CHA,W 95-87,*,39:29,12,25,0.48,2,5,0.4,10,20,0.5,0.52,6,7,0.857,0,2,2,5,2,0,4,1,32,20.6,4
13,561,13,11/20/10,MIA,@,MEM,L 95-97,*,42:06,11,23,0.478,2,4,0.5,9,19,0.474,0.522,5,6,0.833,0,3,3,11,1,0,4,2,29,21.7,-1
14,562,14,11/22/10,MIA,,IND,L 77-93,*,41:34,6,14,0.429,2,8,0.25,4,6,0.667,0.5,11,15,0.733,0,5,5,6,1,0,6,3,25,15.5,-1
15,563,15,11/24/10,MIA,@,ORL,L 95-104,*,40:44,9,18,0.5,1,3,0.333,8,15,0.533,0.528,6,8,0.75,1,5,6,4,1,0,3,3,25,17,-15
16,564,16,11/26/10,MIA,,PHI,W 99-90,*,40:34,5,15,0.333,1,5,0.2,4,10,0.4,0.367,9,11,0.818,1,7,8,6,2,1,2,1,20,18,11
17,565,17,11/27/10,MIA,@,DAL,L 95-106,*,36:04,5,19,0.263,0,4,0,5,15,0.333,0.263,13,15,0.867,2,6,8,4,1,0,5,3,23,11.7,-14
18,566,18,11/29/10,MIA,,WAS,W 105-94,*,38:11,10,18,0.556,1,1,1,9,17,0.529,0.583,9,11,0.818,1,5,6,5,1,1,7,3,30,19.8,3
19,567,19,12/1/10,MIA,,DET,W 97-72,*,31:14,8,15,0.533,1,1,1,7,14,0.5,0.567,1,2,0.5,2,4,6,3,1,0,4,0,18,12,17
20,568,20,12/2/10,MIA,@,CLE,W 118-90,*,30:02,15,25,0.6,2,7,0.286,13,18,0.722,0.64,6,9,0.667,0,5,5,8,1,1,0,1,38,33.7,26
21,569,21,12/4/10,MIA,,ATL,W 89-77,*,37:19,5,11,0.455,1,1,1,4,10,0.4,0.5,11,13,0.846,0,7,7,4,1,1,2,1,22,19.7,7
22,570,22,12/6/10,MIA,@,MIL,W 88-78,*,38:41,7,16,0.438,1,3,0.333,6,13,0.462,0.469,2,4,0.5,0,6,6,6,1,1,1,5,17,12.5,17
23,571,23,12/8/10,MIA,@,UTA,W 111-98,*,39:26,12,20,0.6,3,5,0.6,9,15,0.6,0.675,6,7,0.857,1,6,7,9,0,0,2,4,33,28.6,0
24,572,24,12/10/10,MIA,@,GSW,W 106-84,*,30:43,10,18,0.556,3,4,0.75,7,14,0.5,0.639,2,3,0.667,0,7,7,9,1,1,4,1,25,21.7,22
25,573,25,12/11/10,MIA,@,SAC,W 104-83,*,35:11,10,19,0.526,2,3,0.667,8,16,0.5,0.579,3,5,0.6,1,9,10,3,2,0,3,1,25,19,15
26,574,26,12/13/10,MIA,,NOH,W 96-84,*,40:18,6,16,0.375,0,3,0,6,13,0.462,0.375,8,10,0.8,1,3,4,7,0,0,5,2,20,11.1,11
27,575,27,12/15/10,MIA,,CLE,W 101-95,*,38:31,5,15,0.333,0,4,0,5,11,0.455,0.333,11,18,0.611,2,11,13,5,1,0,4,1,21,14.5,0
28,576,28,12/17/10,MIA,@,NYK,W 113-91,*,38:13,14,23,0.609,3,6,0.5,11,17,0.647,0.674,1,3,0.333,1,10,11,10,1,0,5,1,32,27,31
29,577,29,12/18/10,MIA,@,WAS,W 95-94,*,40:31,9,19,0.474,3,7,0.429,6,12,0.5,0.553,11,12,0.917,1,6,7,6,1,0,4,3,32,24.4,6
30,578,30,12/20/10,MIA,,DAL,L 96-98,*,36:05,6,17,0.353,2,4,0.5,4,13,0.308,0.412,5,7,0.714,3,7,10,7,0,0,5,4,19,11.2,-20
31,579,31,12/23/10,MIA,@,PHO,W 95-83,*,37:23,13,22,0.591,2,5,0.4,11,17,0.647,0.636,8,8,1,1,5,6,4,3,0,5,5,36,26.8,4
32,580,32,12/25/10,MIA,@,LAL,W 96-80,*,38:11,8,14,0.571,5,6,0.833,3,8,0.375,0.75,6,6,1,1,10,11,10,4,0,1,2,27,33.3,15
33,581,33,12/28/10,MIA,,NYK,W 106-98,*,40:25,8,17,0.471,1,2,0.5,7,15,0.467,0.5,1,3,0.333,0,10,10,8,0,0,3,3,18,12.9,17
34,582,34,12/29/10,MIA,@,HOU,W 125-119,*,39:09,8,15,0.533,0,4,0,8,11,0.727,0.533,4,4,1,0,6,6,9,1,0,3,3,20,17.6,16
35,583,35,1/1/11,MIA,,GSW,W 114-107,*,41:31,7,15,0.467,0,3,0,7,12,0.583,0.467,11,17,0.647,2,5,7,10,1,1,3,1,25,23.1,6
36,584,36,1/3/11,MIA,@,CHA,W 96-82,*,36:34,15,26,0.577,2,4,0.5,13,22,0.591,0.615,6,6,1,0,9,9,5,1,0,3,3,38,28.8,20
37,585,37,1/4/11,MIA,,MIL,W 101-89,*,36:35,8,15,0.533,0,0,,8,15,0.533,0.533,9,11,0.818,1,5,6,9,0,2,2,2,25,24,10
38,586,38,1/7/11,MIA,@,MIL,W 101-95 (OT),*,45:16,8,23,0.348,1,4,0.25,7,19,0.368,0.37,9,11,0.818,1,9,10,5,6,1,5,2,26,20.1,7
39,587,39,1/9/11,MIA,@,POR,W 107-100 (OT),*,46:11,17,26,0.654,3,5,0.6,14,21,0.667,0.712,7,10,0.7,3,10,13,6,2,0,6,4,44,35.1,5
40,588,40,1/12/11,MIA,@,LAC,L 105-111,*,39:44,11,24,0.458,3,6,0.5,8,18,0.444,0.521,2,5,0.4,2,6,8,6,0,0,3,1,27,17.4,-3
40,,41,1/13/11,MIA,@,DEN,L 102-130,Did Not Dress,Did Not Dress,Did Not Dress,Did Not Dress,Did Not Dress,Did Not Dress,Did Not Dress,Did Not Dress,Did Not Dress,Did Not Dress,Did Not Dress,Did Not Dress,Did Not Dress,Did Not Dress,Did Not Dress,Did Not Dress,Did Not Dress,Did Not Dress,Did Not Dress,Did Not Dress,Did Not Dress,Did Not Dress,Did Not Dress,Did Not Dress,Did Not Dress,Did Not Dress
40,,42,1/15/11,MIA,@,CHI,L 96-99,Inactive,Inactive,Inactive,Inactive,Inactive,Inactive,Inactive,Inactive,Inactive,Inactive,Inactive,Inactive,Inactive,Inactive,Inactive,Inactive,Inactive,Inactive,Inactive,Inactive,Inactive,Inactive,Inactive,Inactive,Inactive,Inactive
41,589,43,1/18/11,MIA,,ATL,L 89-93 (OT),*,44:17,11,30,0.367,2,10,0.2,9,20,0.45,0.4,10,11,0.909,2,8,10,7,2,0,6,3,34,20.5,-5
42,590,44,1/22/11,MIA,,TOR,W 120-103,*,38:00,14,29,0.483,1,3,0.333,13,26,0.5,0.5,9,14,0.643,1,10,11,6,2,1,1,2,38,30.1,13
43,591,45,1/27/11,MIA,@,NYK,L 88-93,*,42:32,7,24,0.292,0,2,0,7,22,0.318,0.292,10,12,0.833,2,9,11,5,2,2,4,3,24,15,5
44,592,46,1/28/11,MIA,,DET,W 88-87,*,44:19,15,25,0.6,2,4,0.5,13,21,0.619,0.64,7,10,0.7,0,8,8,9,1,2,3,1,39,34,4
45,593,47,1/30/11,MIA,@,OKC,W 108-103,*,40:13,7,14,0.5,2,5,0.4,5,9,0.556,0.571,7,11,0.636,0,4,4,13,4,3,4,3,23,25.6,6
46,594,48,1/31/11,MIA,,CLE,W 117-90,*,31:22,7,14,0.5,0,0,,7,14,0.5,0.5,10,11,0.909,1,3,4,8,0,2,2,1,24,22.8,20
47,595,49,2/3/11,MIA,@,ORL,W 104-100,*,42:39,17,25,0.68,3,5,0.6,14,20,0.7,0.74,14,17,0.824,2,9,11,8,1,1,3,2,51,46.7,2
48,596,50,2/4/11,MIA,@,CHA,W 109-97,*,36:39,7,13,0.538,0,3,0,7,10,0.7,0.538,5,6,0.833,1,7,8,9,0,0,3,3,19,17.2,10
49,597,51,2/6/11,MIA,,LAC,W 97-79,*,35:37,6,15,0.4,0,2,0,6,13,0.462,0.4,0,2,0,1,5,6,4,4,0,6,2,12,5.3,15
50,598,52,2/8/11,MIA,,IND,W 117-112,*,41:44,15,23,0.652,2,5,0.4,13,18,0.722,0.696,9,13,0.692,3,10,13,8,3,1,4,1,41,39.3,18
51,599,53,2/11/11,MIA,@,DET,W 106-92,*,34:43,7,17,0.412,0,2,0,7,15,0.467,0.412,2,3,0.667,0,8,8,10,4,0,3,0,16,16.9,15
52,600,54,2/13/11,MIA,@,BOS,L 82-85,*,43:28,10,21,0.476,0,2,0,10,19,0.526,0.476,2,3,0.667,1,6,7,7,1,0,4,2,22,14.5,1
53,601,55,2/15/11,MIA,@,IND,W 110-103,*,40:55,11,20,0.55,1,3,0.333,10,17,0.588,0.575,4,6,0.667,1,5,6,5,2,2,5,1,27,20.3,9
54,602,56,2/16/11,MIA,@,TOR,W 103-95,*,37:38,8,18,0.444,0,2,0,8,16,0.5,0.444,7,10,0.7,3,10,13,8,0,0,5,1,23,17.7,6
55,603,57,2/22/11,MIA,,SAC,W 117-97,*,30:24,14,26,0.538,3,6,0.5,11,20,0.55,0.596,0,3,0,2,6,8,3,0,0,3,4,31,17.9,18
56,604,58,2/24/11,MIA,@,CHI,L 89-93,*,41:26,12,21,0.571,0,4,0,12,17,0.706,0.571,5,6,0.833,0,10,10,5,2,1,2,1,29,25.5,3
57,605,59,2/25/11,MIA,,WAS,W 121-113,*,42:46,5,11,0.455,0,1,0,5,10,0.5,0.455,15,19,0.789,1,8,9,7,1,3,1,2,25,27,-4
58,606,60,2/27/11,MIA,,NYK,L 86-91,*,39:08,10,20,0.5,1,5,0.2,9,15,0.6,0.525,6,8,0.75,0,7,7,5,3,1,5,2,27,19.7,-3
59,607,61,3/3/11,MIA,,ORL,L 96-99,*,39:56,11,16,0.688,0,2,0,11,14,0.786,0.688,7,7,1,2,4,6,4,0,2,2,2,29,26.2,0
60,608,62,3/4/11,MIA,@,SAS,L 95-125,*,36:08,11,19,0.579,1,3,0.333,10,16,0.625,0.605,3,7,0.429,3,5,8,7,1,0,4,2,26,20.2,-16
61,609,63,3/6/11,MIA,,CHI,L 86-87,*,41:50,10,18,0.556,1,2,0.5,9,16,0.563,0.583,5,6,0.833,3,5,8,6,2,0,2,2,26,24,-4
62,610,64,3/8/11,MIA,,POR,L 96-105,*,45:32,14,20,0.7,2,4,0.5,12,16,0.75,0.75,1,4,0.25,1,10,11,8,1,0,4,3,31,26.5,-2
63,611,65,3/10/11,MIA,,LAL,W 94-88,*,42:16,7,17,0.412,0,3,0,7,14,0.5,0.412,5,7,0.714,1,7,8,9,1,0,1,1,19,17.8,8
64,612,66,3/12/11,MIA,,MEM,W 118-85,*,31:55,10,16,0.625,2,4,0.5,8,12,0.667,0.688,5,6,0.833,1,4,5,5,1,2,3,1,27,23.8,17
65,613,67,3/14/11,MIA,,SAS,W 110-80,*,41:31,8,19,0.421,0,1,0,8,18,0.444,0.421,5,5,1,0,6,6,8,0,2,2,3,21,16.5,22
66,614,68,3/16/11,MIA,,OKC,L 85-96,*,39:30,8,21,0.381,0,3,0,8,18,0.444,0.381,3,3,1,0,8,8,3,1,1,1,0,19,12.7,-6
67,615,69,3/18/11,MIA,@,ATL,W 106-85,*,30:54,16,21,0.762,5,7,0.714,11,14,0.786,0.881,6,7,0.857,0,2,2,3,0,0,4,2,43,32.2,23
68,616,70,3/19/11,MIA,,DEN,W 103-98,*,40:40,15,25,0.6,1,4,0.25,14,21,0.667,0.62,2,2,1,0,6,6,2,2,0,5,3,33,20.5,16
69,617,71,3/23/11,MIA,@,DET,W 100-94,*,42:05,8,16,0.5,0,3,0,8,13,0.615,0.5,3,4,0.75,3,5,8,7,0,0,3,3,19,14.9,6
70,618,72,3/25/11,MIA,,PHI,W 111-99,*,41:01,11,17,0.647,1,4,0.25,10,13,0.769,0.676,9,9,1,2,8,10,2,3,1,4,3,32,28.2,17
71,619,73,3/27/11,MIA,,HOU,W 125-119,*,40:27,13,21,0.619,0,1,0,13,20,0.65,0.619,7,9,0.778,1,9,10,7,0,0,2,1,33,28.6,5
72,620,74,3/29/11,MIA,@,CLE,L 90-102,*,43:17,10,21,0.476,1,5,0.2,9,16,0.563,0.5,6,10,0.6,0,10,10,12,0,0,3,3,27,21.9,-9
73,621,75,3/30/11,MIA,@,WAS,W 123-107,*,43:49,12,16,0.75,1,3,0.333,11,13,0.846,0.781,10,13,0.769,1,7,8,8,5,0,5,3,35,34.6,20
74,622,76,4/1/11,MIA,@,MIN,W 111-92,*,42:53,11,20,0.55,0,1,0,11,19,0.579,0.55,5,7,0.714,2,4,6,10,3,1,3,2,27,26.1,15
75,623,77,4/3/11,MIA,@,NJN,W 108-94,*,38:55,13,18,0.722,0,2,0,13,16,0.813,0.722,5,8,0.625,2,9,11,7,3,0,7,2,31,26.6,13
76,624,78,4/6/11,MIA,,MIL,L 85-90,*,39:25,10,22,0.455,3,7,0.429,7,15,0.467,0.523,6,8,0.75,1,1,2,8,2,2,4,2,29,22,-10
77,625,79,4/8/11,MIA,,CHA,W 112-103,*,37:23,9,16,0.563,0,1,0,9,15,0.6,0.563,5,6,0.833,1,6,7,9,2,1,1,2,23,24.7,12
78,626,80,4/10/11,MIA,,BOS,W 100-77,*,37:11,11,19,0.579,0,2,0,11,17,0.647,0.579,5,9,0.556,0,5,5,7,4,1,4,1,27,23.2,24
79,627,81,4/11/11,MIA,@,ATL,W 98-90,*,42:39,10,21,0.476,2,4,0.5,8,17,0.471,0.524,12,14,0.857,1,9,10,7,3,0,7,1,34,26.4,7
79,,82,4/13/11,MIA,@,TOR,W 97-79,Did Not Play,Did Not Play,Did Not Play,Did Not Play,Did Not Play,Did Not Play,Did Not Play,Did Not Play,Did Not Play,Did Not Play,Did Not Play,Did Not Play,Did Not Play,Did Not Play,Did Not Play,Did Not Play,Did Not Play,Did Not Play,Did Not Play,Did Not Play,Did Not Play,Did Not Play,Did Not Play,Did Not Play,Did Not Play,Did Not Play
,,,,,,,57-22,79,3064,758,1485,0.51,92,279,0.33,666,1206,0.552,0.541,503,663,0.759,80,510,590,554,124,50,284,163,2111,21.7,621