,,,,,,,,,,% of FGA by Distance,% of FGA by Distance,% of FGA by Distance,% of FGA by Distance,% of FGA by Distance,% of FGA by Distance,FG% by Distance,FG% by Distance,FG% by Distance,FG% by Distance,FG% by Distance,FG% by Distance,% of FG Ast'd,% of FG Ast'd,Dunks,Dunks,Corner 3s,Corner 3s,1/2 Court,1/2 Court,
Season,Age,Team,Lg,Pos,G,GS,MP,FG%,Dist.,2P,0-3,3-10,10-16,16-3P,3P,2P,0-3,3-10,10-16,16-3P,3P,2P,3P,%FGA,#,%3PA,3P%,Att.,Md.,Awards
2003-04,19,CLE,NBA,SG,79,79,3122,0.417,11.2,0.855,0.315,0.168,0.161,0.211,0.145,0.438,0.604,0.356,0.313,0.352,0.29,0.442,0.746,0.064,91,0.286,0.323,3,0,MVP-9ROY-1
2004-05,20,CLE,NBA,SF,80,80,3388,0.472,12.1,0.817,0.311,0.137,0.121,0.248,0.183,0.499,0.725,0.37,0.324,0.373,0.351,0.445,0.5,0.076,126,0.185,0.491,0,0,MVP-6ASNBA2
2005-06,21,CLE,NBA,SF,79,79,3361,0.48,12.4,0.792,0.353,0.092,0.094,0.253,0.208,0.518,0.689,0.411,0.304,0.398,0.335,0.303,0.417,0.065,114,0.185,0.343,5,0,MVP-2ASNBA1
2006-07,22,CLE,NBA,SF,78,78,3190,0.476,12.2,0.809,0.333,0.125,0.111,0.241,0.191,0.513,0.725,0.406,0.361,0.346,0.319,0.321,0.495,0.068,108,0.145,0.444,5,1,MVP-5ASNBA2
2007-08,23,CLE,NBA,SF,75,74,3027,0.484,12.2,0.781,0.373,0.09,0.08,0.238,0.219,0.531,0.706,0.426,0.303,0.372,0.315,0.333,0.398,0.069,109,0.095,0.353,2,0,MVP-4ASNBA1
2008-09,24,CLE,NBA,SF,81,81,3054,0.489,13.4,0.762,0.333,0.092,0.074,0.263,0.238,0.535,0.728,0.453,0.286,0.388,0.344,0.318,0.424,0.083,128,0.107,0.341,7,0,MVP-1DPOY-2ASNBA1DEF1
2009-10,25,CLE,NBA,SF,76,76,2966,0.503,13.4,0.747,0.342,0.082,0.061,0.262,0.253,0.56,0.745,0.468,0.344,0.398,0.333,0.369,0.341,0.08,117,0.111,0.395,4,0,MVP-1DPOY-4ASNBA1DEF1
2010-11,26,MIA,NBA,SF,79,79,3063,0.51,12.7,0.812,0.284,0.172,0.094,0.262,0.188,0.552,0.744,0.459,0.443,0.445,0.33,0.284,0.609,0.068,98,0.211,0.322,5,1,MVP-3DPOY-9ASNBA1DEF1
2011-12,27,MIA,NBA,SF,62,62,2326,0.531,11.5,0.873,0.329,0.136,0.135,0.272,0.127,0.556,0.758,0.484,0.481,0.384,0.362,0.36,0.519,0.092,104,0.121,0.333,0,0,MVP-1DPOY-4ASNBA1DEF1
2012-13,28,MIA,NBA,PF,76,76,2877,0.565,11.2,0.812,0.373,0.133,0.105,0.202,0.188,0.602,0.776,0.494,0.415,0.447,0.406,0.378,0.553,0.109,144,0.161,0.488,0,0,MVP-1DPOY-2ASNBA1DEF1
2013-14,29,MIA,NBA,PF,77,77,2902,0.567,11.4,0.774,0.399,0.123,0.084,0.168,0.226,0.622,0.796,0.554,0.404,0.366,0.379,0.395,0.534,0.101,134,0.144,0.568,0,0,MVP-2DPOY-6ASNBA1DEF2
2014-15,30,CLE,NBA,SF,69,69,2493,0.488,12.1,0.735,0.334,0.125,0.116,0.159,0.265,0.536,0.721,0.413,0.356,0.377,0.354,0.315,0.467,0.072,88,0.115,0.385,1,0,MVP-3DPOY-13ASNBA1
2015-16,31,CLE,NBA,SF,76,76,2709,0.52,9.6,0.801,0.459,0.119,0.093,0.129,0.199,0.573,0.722,0.361,0.348,0.404,0.309,0.378,0.598,0.083,111,0.117,0.273,0,0,MVP-3DPOY-11ASNBA1
2016-17,32,CLE,NBA,SF,74,74,2794,0.548,11,0.746,0.432,0.106,0.105,0.102,0.254,0.611,0.78,0.385,0.44,0.307,0.363,0.355,0.492,0.112,145,0.102,0.371,0,0,MVP-4DPOY-5ASNBA1
2017-18,33,CLE,NBA,PF,82,82,3026,0.542,10.9,0.743,0.423,0.114,0.089,0.118,0.257,0.603,0.766,0.378,0.421,0.371,0.367,0.301,0.356,0.08,120,0.084,0.382,1,0,MVP-2ASNBA1
2018-19,34,LAL,NBA,SF,55,55,1937,0.51,12.3,0.701,0.38,0.132,0.077,0.112,0.299,0.582,0.755,0.297,0.417,0.447,0.339,0.34,0.342,0.081,85,0.073,0.292,0,0,MVP-11ASNBA3
2019-20,35,LAL,NBA,PG,67,67,2316,0.493,12.9,0.674,0.365,0.139,0.073,0.097,0.326,0.564,0.727,0.409,0.337,0.341,0.348,0.234,0.473,0.062,79,0.061,0.5,1,0,MVP-2ASNBA1
2020-21,36,LAL,NBA,PG,45,45,1504,0.513,13.9,0.654,0.318,0.118,0.104,0.113,0.346,0.591,0.782,0.474,0.384,0.366,0.365,0.327,0.519,0.062,48,0.077,0.455,0,0,MVP-13ASNBA2
2021-22,37,LAL,NBA,C,56,56,2084,0.524,13.8,0.633,0.325,0.141,0.073,0.094,0.367,0.62,0.796,0.465,0.382,0.426,0.359,0.407,0.559,0.07,85,0.074,0.303,0,0,MVP-10ASNBA3
2022-23,38,LAL,NBA,PF,55,54,1954,0.5,12.8,0.691,0.302,0.197,0.084,0.107,0.309,0.58,0.788,0.463,0.34,0.397,0.321,0.395,0.628,0.062,74,0.08,0.267,0,0,ASNBA3
2023-24,39,LAL,NBA,PF,71,71,2504,0.54,11.6,0.714,0.345,0.217,0.078,0.073,0.286,0.592,0.772,0.482,0.313,0.366,0.41,0.435,0.685,0.071,84,0.096,0.457,1,0,CPOY-10ASNBA3
2024-25,40,LAL,NBA,SF,70,70,2444,0.513,13.4,0.688,0.242,0.23,0.113,0.104,0.312,0.574,0.782,0.473,0.503,0.394,0.376,0.382,0.691,0.056,71,0.088,0.343,2,0,MVP-6CPOY-7ASNBA2
2025-26,41,LAL,NBA,SF,60,60,1989,0.515,11.9,0.736,0.292,0.235,0.123,0.086,0.264,0.586,0.784,0.5,0.425,0.38,0.317,0.518,0.649,0.112,97,0.193,0.298,0,0,AS
,,,,,,,,,,% of FGA by Distance,% of FGA by Distance,% of FGA by Distance,% of FGA by Distance,% of FGA by Distance,% of FGA by Distance,FG% by Distance,FG% by Distance,FG% by Distance,FG% by Distance,FG% by Distance,FG% by Distance,% of FG Ast'd,% of FG Ast'd,Dunks,Dunks,Corner 3s,Corner 3s,1/2 Court,1/2 Court,
,,,,Pos,G,GS,MP,FG%,Dist.,2P,0-3,3-10,10-16,16-3P,3P,2P,0-3,3-10,10-16,16-3P,3P,2P,3P,%FGA,#,%3PA,3P%,Att.,Md.,Awards
23 Yrs,23 Yrs,23 Yrs,23 Yrs,,1622,1620,61030,0.507,12.2,0.76,0.348,0.137,0.097,0.178,0.24,0.557,0.743,0.435,0.374,0.386,0.348,0.36,0.514,0.078,2360,0.12,0.38,37,2,
82 Game Avg,82 Game Avg,82 Game Avg,82 Game Avg,,82,82,3085,0.507,12.2,0.76,0.348,0.137,0.097,0.178,0.24,0.557,0.743,0.435,0.374,0.386,0.348,0.36,0.514,0.078,119,0.12,0.38,2,0,
,,,,,,,,,,,,,,,,,,,,,,,,,,,,,,
CLE (11 Yrs),CLE (11 Yrs),CLE (11 Yrs),CLE (11 Yrs),,849,848,33130,0.492,11.9,0.782,0.363,0.113,0.1,0.206,0.218,0.535,0.721,0.397,0.343,0.375,0.337,0.352,0.456,0.077,1257,0.133,0.375,28,1,
LAL (8 Yrs),LAL (8 Yrs),LAL (8 Yrs),LAL (8 Yrs),,479,478,16732,0.513,12.8,0.686,0.322,0.178,0.089,0.098,0.314,0.585,0.77,0.453,0.394,0.391,0.356,0.38,0.572,0.071,623,0.088,0.357,4,0,
MIA (4 Yrs),MIA (4 Yrs),MIA (4 Yrs),MIA (4 Yrs),,294,294,11168,0.543,11.7,0.816,0.345,0.142,0.103,0.225,0.184,0.582,0.771,0.493,0.439,0.414,0.369,0.353,0.556,0.092,480,0.164,0.432,5,1,